id;name;age;gender
b34f062a-91c3-4d1b-91e6-4cf9203cd3b1;until likewise;44;excepting
48817cc9-c3b0-4c61-9726-bd018f08b281;polarize save;45;beyond what
f9a7e1ec-4835-4fb5-a852-5ef103771835;huzzah up;36;er dolphin
ea22a8cb-5296-4e81-9de3-c0d6c23bbade;contributor;46;harmonious yahoo
9c1a8e65-fd3d-443e-93c5-c9a5ab74e58d;apropos offence brr;28;bah
ea4535a4-47ae-44c7-a136-1d0eca21b9e0;miss;30;than
1db97bf7-e1ed-478d-ad59-189fc2b13f39;closely;34;though
d2a4f7c2-3aff-4da0-8b02-ce8ae76f773d;statue;25;even white
97d14be0-3dd5-46a4-a94c-df202b46ae2e;adjustment;34;skeletal front
68889aaf-2b1e-4cd4-84bf-4d90740839ad;hungrily;45;yuck orangutan
